{"other": [16481.66666666697, 32529], "yes/no": [19289.666666666653, 24632], "number": [3576.0000000000205, 8650]}