{"other": [19480.666666666657, 32529], "yes/no": [20646.333333333292, 24632], "number": [4219.666666666681, 8650]}