{"none of the above": [1584.666666666665, 2567], "what are the": [570.6666666666671, 1007], "what is": [945.0000000000015, 1932], "what": [2442.3333333333335, 4851], "is this a": [1949.0000000000005, 2273], "is this": [1943.9999999999993, 2320], "what is the man": [526.3333333333333, 800], "how many": [3476.0000000000155, 6269], "what does the": [190.6666666666667, 620], "why": [106.33333333333327, 458], "is it": [1052.333333333333, 1135], "why is the": [36.33333333333333, 140], "what color is the": [3553.6666666666724, 4379], "is there a": [1224.6666666666665, 1462], "is the": [4341.666666666673, 5271], "is that a": [175.33333333333334, 203], "are these": [710.6666666666672, 866], "are the": [1322.9999999999995, 1617], "what is the": [1888.6666666666626, 3576], "which": [381.3333333333331, 762], "could": [156.33333333333334, 180], "are there": [694.666666666667, 828], "what kind of": [1089.6666666666667, 1794], "has": [216.66666666666669, 281], "what color are the": [740.0000000000005, 964], "are there any": [413.33333333333337, 459], "is this person": [167.33333333333331, 194], "does the": [803.6666666666667, 1029], "where is the": [486.333333333333, 1151], "how many people are": [372.3333333333332, 616], "can you": [186.66666666666666, 249], "what type of": [770.3333333333334, 1228], "what is the color of the": [199.00000000000003, 244], "what is on the": [317.3333333333333, 672], "does this": [558.6666666666666, 679], "is this an": [250.3333333333334, 299], "who is": [151.6666666666667, 322], "what is this": [346.33333333333326, 504], "is there": [786.3333333333337, 937], "are": [580.3333333333334, 739], "what time": [142.99999999999994, 538], "how": [264.3333333333336, 770], "what is in the": [332.33333333333326, 559], "do you": [207.00000000000003, 242], "what are": [315.33333333333337, 485], "what sport is": [321.33333333333337, 339], "what is the person": [196.0, 275], "is he": [289.33333333333326, 340], "where are the": [198.33333333333343, 411], "what brand": [123.6666666666667, 272], "what number is": [16.0, 210], "what color is": [354.33333333333337, 424], "what is the woman": [146.00000000000003, 237], "what room is": [212.66666666666666, 229], "is": [785.9999999999998, 991], "what color": [353.66666666666663, 465], "is the woman": [230.66666666666663, 290], "are they": [320.33333333333337, 378], "is the person": [195.00000000000006, 244], "is the man": [628.3333333333335, 759], "what animal is": [206.00000000000003, 258], "what is the name": [40.99999999999999, 227], "was": [203.33333333333331, 238], "do": [377.9999999999999, 483], "how many people are in": [174.6666666666667, 270]}