{"none of the above": [1484.666666666665, 2567], "what are the": [513.0, 1007], "what is": [848.6666666666675, 1932], "what": [2129.9999999999955, 4851], "is this a": [1816.0, 2273], "is this": [1764.9999999999989, 2320], "what is the man": [530.3333333333334, 800], "how many": [3308.3333333333453, 6269], "what does the": [169.6666666666667, 620], "why": [111.66666666666657, 458], "is it": [885.3333333333334, 1135], "why is the": [40.0, 140], "what color is the": [1861.6666666666633, 4379], "is there a": [1106.9999999999998, 1462], "is the": [3817.000000000013, 5271], "is that a": [161.66666666666666, 203], "are these": [662.0, 866], "are the": [1196.6666666666672, 1617], "what is the": [1642.333333333332, 3576], "which": [378.33333333333314, 762], "could": [144.66666666666666, 180], "are there": [605.3333333333334, 828], "what kind of": [963.3333333333344, 1794], "has": [202.33333333333334, 281], "what color are the": [423.9999999999998, 964], "are there any": [358.0, 459], "is this person": [153.3333333333333, 194], "does the": [737.3333333333338, 1029], "where is the": [428.6666666666664, 1151], "how many people are": [353.9999999999999, 616], "can you": [176.33333333333337, 249], "what type of": [655.6666666666664, 1228], "what is the color of the": [123.66666666666666, 244], "what is on the": [270.66666666666674, 672], "does this": [492.3333333333333, 679], "is this an": [234.00000000000003, 299], "who is": [117.66666666666661, 322], "what is this": [344.3333333333332, 504], "is there": [707.6666666666671, 937], "are": [519.9999999999998, 739], "what time": [119.66666666666663, 538], "how": [245.66666666666703, 770], "what is in the": [298.66666666666646, 559], "do you": [189.99999999999997, 242], "what are": [298.6666666666668, 485], "what sport is": [318.3333333333333, 339], "what is the person": [205.00000000000006, 275], "is he": [260.00000000000006, 340], "where are the": [176.66666666666666, 411], "what brand": [101.33333333333333, 272], "what number is": [12.666666666666668, 210], "what color is": [152.33333333333331, 424], "what is the woman": [146.00000000000003, 237], "what room is": [215.33333333333334, 229], "is": [722.666666666667, 991], "what color": [165.3333333333334, 465], "is the woman": [208.66666666666669, 290], "are they": [287.99999999999994, 378], "is the person": [170.0, 244], "is the man": [579.0, 759], "what animal is": [210.33333333333331, 258], "what is the name": [36.33333333333332, 227], "was": [193.33333333333331, 238], "do": [358.9999999999999, 483], "how many people are in": [189.0, 270]}