{"other": [15575.0000000003, 32529], "yes/no": [18780.000000000004, 24632], "number": [4092.3333333333553, 8650]}