{"none of the above": [1609.3333333333305, 2567], "what are the": [567.3333333333335, 1007], "what is": [953.3333333333344, 1932], "what": [2538.333333333333, 4851], "is this a": [1949.9999999999993, 2273], "is this": [1943.9999999999982, 2320], "what is the man": [539.3333333333335, 800], "how many": [3459.000000000016, 6269], "what does the": [192.6666666666667, 620], "why": [111.99999999999991, 458], "is it": [1054.3333333333333, 1135], "why is the": [41.66666666666667, 140], "what color is the": [3539.333333333336, 4379], "is there a": [1224.9999999999998, 1462], "is the": [4348.0000000000055, 5271], "is that a": [172.33333333333334, 203], "are these": [712.0000000000001, 866], "are the": [1327.3333333333328, 1617], "what is the": [1945.6666666666636, 3576], "which": [383.99999999999983, 762], "could": [156.00000000000003, 180], "are there": [696.6666666666672, 828], "what kind of": [1124.0000000000005, 1794], "has": [226.3333333333333, 281], "what color are the": [754.6666666666672, 964], "are there any": [414.0, 459], "is this person": [163.0, 194], "does the": [807.3333333333336, 1029], "where is the": [472.9999999999996, 1151], "how many people are": [371.66666666666646, 616], "can you": [191.66666666666669, 249], "what type of": [790.0000000000001, 1228], "what is the color of the": [200.66666666666669, 244], "what is on the": [328.9999999999999, 672], "does this": [558.6666666666666, 679], "is this an": [252.00000000000006, 299], "who is": [152.66666666666669, 322], "what is this": [347.33333333333326, 504], "is there": [780.6666666666671, 937], "are": [573.9999999999998, 739], "what time": [153.66666666666666, 538], "how": [275.6666666666669, 770], "what is in the": [329.3333333333332, 559], "do you": [208.66666666666666, 242], "what are": [318.66666666666686, 485], "what sport is": [320.0, 339], "what is the person": [198.3333333333333, 275], "is he": [281.33333333333326, 340], "where are the": [197.66666666666674, 411], "what brand": [124.66666666666671, 272], "what number is": [20.666666666666668, 210], "what color is": [361.66666666666674, 424], "what is the woman": [145.33333333333337, 237], "what room is": [215.0, 229], "is": [787.6666666666665, 991], "what color": [360.33333333333337, 465], "is the woman": [229.33333333333331, 290], "are they": [310.3333333333333, 378], "is the person": [196.66666666666666, 244], "is the man": [635.6666666666667, 759], "what animal is": [206.66666666666669, 258], "what is the name": [44.0, 227], "was": [209.33333333333334, 238], "do": [376.6666666666665, 483], "how many people are in": [172.00000000000006, 270]}