{"none of the above": [1507.6666666666642, 2567], "what are the": [476.333333333333, 1007], "what is": [773.0000000000003, 1932], "what": [2157.9999999999973, 4851], "is this a": [1850.3333333333335, 2273], "is this": [1852.6666666666652, 2320], "what is the man": [444.9999999999998, 800], "how many": [2961.3333333333385, 6269], "what does the": [160.00000000000003, 620], "why": [104.33333333333327, 458], "is it": [1009.9999999999995, 1135], "why is the": [37.33333333333333, 140], "what color is the": [2768.3333333333376, 4379], "is there a": [1086.666666666667, 1462], "is the": [4033.0000000000095, 5271], "is that a": [151.66666666666666, 203], "are these": [669.6666666666669, 866], "are the": [1251.3333333333333, 1617], "what is the": [1622.9999999999977, 3576], "which": [360.6666666666663, 762], "could": [142.33333333333334, 180], "are there": [645.6666666666671, 828], "what kind of": [988.333333333334, 1794], "has": [211.33333333333334, 281], "what color are the": [563.3333333333335, 964], "are there any": [362.6666666666667, 459], "is this person": [150.33333333333331, 194], "does the": [759.666666666667, 1029], "where is the": [416.3333333333331, 1151], "how many people are": [316.3333333333332, 616], "can you": [183.99999999999997, 249], "what type of": [663.666666666667, 1228], "what is the color of the": [166.66666666666669, 244], "what is on the": [251.0000000000001, 672], "does this": [510.33333333333303, 679], "is this an": [237.33333333333337, 299], "who is": [121.00000000000003, 322], "what is this": [295.6666666666667, 504], "is there": [723.0000000000002, 937], "are": [528.6666666666662, 739], "what time": [141.99999999999997, 538], "how": [253.33333333333363, 770], "what is in the": [263.00000000000006, 559], "do you": [185.66666666666663, 242], "what are": [276.3333333333335, 485], "what sport is": [305.00000000000006, 339], "what is the person": [169.3333333333334, 275], "is he": [263.3333333333334, 340], "where are the": [177.66666666666669, 411], "what brand": [112.66666666666667, 272], "what number is": [10.666666666666668, 210], "what color is": [241.33333333333337, 424], "what is the woman": [109.66666666666667, 237], "what room is": [195.33333333333334, 229], "is": [721.0000000000003, 991], "what color": [251.6666666666667, 465], "is the woman": [211.33333333333331, 290], "are they": [281.66666666666663, 378], "is the person": [173.66666666666669, 244], "is the man": [571.9999999999998, 759], "what animal is": [180.0, 258], "what is the name": [34.66666666666666, 227], "was": [199.0, 238], "do": [360.66666666666646, 483], "how many people are in": [138.33333333333334, 270]}