{"other": [15560.000000000298, 32529], "yes/no": [18704.666666666664, 24632], "number": [4040.0000000000255, 8650]}