{"other": [19785.66666666663, 32529], "yes/no": [20664.666666666642, 24632], "number": [4207.333333333356, 8650]}