{"none of the above": [1487.666666666665, 2567], "what are the": [498.3333333333331, 1007], "what is": [877.6666666666677, 1932], "what": [2157.999999999996, 4851], "is this a": [1820.0, 2273], "is this": [1787.9999999999984, 2320], "what is the man": [529.9999999999998, 800], "how many": [3353.6666666666774, 6269], "what does the": [167.00000000000006, 620], "why": [106.33333333333327, 458], "is it": [906.6666666666669, 1135], "why is the": [39.99999999999999, 140], "what color is the": [1866.666666666663, 4379], "is there a": [1121.6666666666667, 1462], "is the": [3847.0000000000114, 5271], "is that a": [155.99999999999997, 203], "are these": [664.0, 866], "are the": [1177.3333333333333, 1617], "what is the": [1636.3333333333314, 3576], "which": [357.3333333333332, 762], "could": [147.6666666666667, 180], "are there": [602.6666666666666, 828], "what kind of": [952.3333333333337, 1794], "has": [208.0, 281], "what color are the": [421.9999999999998, 964], "are there any": [366.6666666666667, 459], "is this person": [157.33333333333331, 194], "does the": [729.3333333333337, 1029], "where is the": [423.66666666666634, 1151], "how many people are": [349.9999999999999, 616], "can you": [178.33333333333331, 249], "what type of": [671.3333333333334, 1228], "what is the color of the": [127.33333333333331, 244], "what is on the": [291.6666666666666, 672], "does this": [507.6666666666665, 679], "is this an": [228.00000000000003, 299], "who is": [115.66666666666664, 322], "what is this": [346.33333333333326, 504], "is there": [708.0000000000006, 937], "are": [515.9999999999999, 739], "what time": [117.66666666666666, 538], "how": [240.0000000000004, 770], "what is in the": [296.9999999999997, 559], "do you": [192.0, 242], "what are": [290.6666666666669, 485], "what sport is": [319.33333333333337, 339], "what is the person": [205.00000000000003, 275], "is he": [265.0, 340], "where are the": [180.33333333333334, 411], "what brand": [106.33333333333331, 272], "what number is": [15.666666666666668, 210], "what color is": [145.66666666666663, 424], "what is the woman": [148.3333333333334, 237], "what room is": [214.33333333333331, 229], "is": [723.6666666666666, 991], "what color": [155.33333333333334, 465], "is the woman": [211.33333333333334, 290], "are they": [294.6666666666667, 378], "is the person": [175.66666666666666, 244], "is the man": [569.6666666666665, 759], "what animal is": [206.66666666666666, 258], "what is the name": [35.33333333333333, 227], "was": [189.33333333333334, 238], "do": [342.9999999999999, 483], "how many people are in": [195.66666666666669, 270]}