{"none of the above": [1458.9999999999993, 2567], "what are the": [507.99999999999983, 1007], "what is": [849.0000000000009, 1932], "what": [2088.333333333326, 4851], "is this a": [1830.3333333333326, 2273], "is this": [1793.9999999999986, 2320], "what is the man": [526.3333333333331, 800], "how many": [3340.6666666666815, 6269], "what does the": [170.99999999999997, 620], "why": [102.33333333333329, 458], "is it": [894.0000000000002, 1135], "why is the": [36.66666666666667, 140], "what color is the": [1908.6666666666629, 4379], "is there a": [1126.6666666666667, 1462], "is the": [3856.0000000000086, 5271], "is that a": [167.3333333333333, 203], "are these": [683.9999999999999, 866], "are the": [1222.6666666666672, 1617], "what is the": [1592.3333333333312, 3576], "which": [363.99999999999983, 762], "could": [149.33333333333334, 180], "are there": [605.6666666666665, 828], "what kind of": [931.0000000000011, 1794], "has": [219.3333333333333, 281], "what color are the": [428.9999999999999, 964], "are there any": [375.3333333333333, 459], "is this person": [154.3333333333333, 194], "does the": [742.3333333333336, 1029], "where is the": [428.33333333333314, 1151], "how many people are": [352.6666666666665, 616], "can you": [169.33333333333334, 249], "what type of": [665.6666666666667, 1228], "what is the color of the": [131.33333333333334, 244], "what is on the": [266.0000000000001, 672], "does this": [500.33333333333314, 679], "is this an": [236.0, 299], "who is": [115.66666666666663, 322], "what is this": [342.66666666666663, 504], "is there": [729.6666666666671, 937], "are": [527.3333333333331, 739], "what time": [116.33333333333333, 538], "how": [232.66666666666708, 770], "what is in the": [292.9999999999998, 559], "do you": [193.0, 242], "what are": [296.3333333333334, 485], "what sport is": [318.00000000000006, 339], "what is the person": [203.33333333333331, 275], "is he": [263.6666666666667, 340], "where are the": [174.99999999999997, 411], "what brand": [107.00000000000001, 272], "what number is": [13.66666666666667, 210], "what color is": [148.0, 424], "what is the woman": [151.33333333333337, 237], "what room is": [208.00000000000003, 229], "is": [727.3333333333335, 991], "what color": [150.99999999999997, 465], "is the woman": [200.33333333333334, 290], "are they": [300.00000000000006, 378], "is the person": [167.0, 244], "is the man": [572.3333333333333, 759], "what animal is": [209.66666666666669, 258], "what is the name": [34.99999999999999, 227], "was": [197.66666666666669, 238], "do": [353.6666666666665, 483], "how many people are in": [192.33333333333334, 270]}