{"other": [16185.333333333592, 32529], "yes/no": [19268.333333333332, 24632], "number": [3661.0000000000227, 8650]}