{"none of the above": [1450.9999999999989, 2567], "what are the": [480.9999999999995, 1007], "what is": [729.3333333333335, 1932], "what": [2083.3333333333285, 4851], "is this a": [1834.6666666666679, 2273], "is this": [1864.333333333332, 2320], "what is the man": [449.33333333333326, 800], "how many": [3036.0000000000064, 6269], "what does the": [155.6666666666667, 620], "why": [94.99999999999999, 458], "is it": [996.0000000000001, 1135], "why is the": [36.00000000000001, 140], "what color is the": [2738.0000000000014, 4379], "is there a": [1090.0000000000002, 1462], "is the": [4028.000000000008, 5271], "is that a": [145.33333333333334, 203], "are these": [678.0000000000002, 866], "are the": [1245.000000000001, 1617], "what is the": [1574.6666666666633, 3576], "which": [356.33333333333303, 762], "could": [141.66666666666669, 180], "are there": [653.3333333333335, 828], "what kind of": [973.9999999999999, 1794], "has": [210.0, 281], "what color are the": [558.6666666666666, 964], "are there any": [352.33333333333337, 459], "is this person": [147.99999999999997, 194], "does the": [751.6666666666667, 1029], "where is the": [421.3333333333333, 1151], "how many people are": [319.66666666666663, 616], "can you": [170.99999999999997, 249], "what type of": [654.3333333333335, 1228], "what is the color of the": [167.33333333333337, 244], "what is on the": [254.6666666666668, 672], "does this": [530.9999999999999, 679], "is this an": [237.6666666666667, 299], "who is": [114.66666666666667, 322], "what is this": [299.6666666666667, 504], "is there": [727.6666666666673, 937], "are": [527.9999999999997, 739], "what time": [141.66666666666663, 538], "how": [248.00000000000017, 770], "what is in the": [271.0, 559], "do you": [198.66666666666663, 242], "what are": [264.3333333333333, 485], "what sport is": [303.6666666666667, 339], "what is the person": [167.66666666666669, 275], "is he": [263.33333333333337, 340], "where are the": [174.00000000000003, 411], "what brand": [111.00000000000001, 272], "what number is": [13.66666666666667, 210], "what color is": [251.6666666666667, 424], "what is the woman": [110.66666666666666, 237], "what room is": [193.99999999999997, 229], "is": [740.3333333333335, 991], "what color": [244.33333333333334, 465], "is the woman": [205.33333333333337, 290], "are they": [286.00000000000006, 378], "is the person": [174.33333333333334, 244], "is the man": [572.9999999999999, 759], "what animal is": [172.6666666666667, 258], "what is the name": [31.999999999999996, 227], "was": [195.33333333333334, 238], "do": [357.9999999999998, 483], "how many people are in": [136.33333333333334, 270]}