{"other": [15414.333333333621, 32529], "yes/no": [18945.666666666682, 24632], "number": [4058.3333333333608, 8650]}